Wavelength,Frequency (hz),Voltage 1,Voltage 2,Voltage 3,Voltage 4,Voltage 5,Voltage 6,Voltage 7
365,"821349.200",-1.9850000000000001,-1.9890000000000001,-1.996,-1.99,-1.996,-1.9830000000000001,-2.0030000000000001
405,"740228.291",-1.5700000000000001,-1.573,-1.5820000000000001,-1.575,-1.5800000000000001,-1.5740000000000001,-1.5840000000000001
436,"687597.381",-1.377,-1.3759999999999999,-1.379,-1.3740000000000001,-1.3740000000000001,-1.3740000000000001,-1.3799999999999999
546,"549070.436",-0.82899999999999996,-0.82899999999999996,-0.82999999999999996,-0.82699999999999996,-0.82799999999999996,-0.82899999999999996,-0.82999999999999996
577,"519570.984",-0.71499999999999997,-0.71199999999999997,-0.71599999999999997,-0.71299999999999997,-0.70999999999999996,-0.71399999999999997,-0.71399999999999997

